<?xml version="1.0" encoding="UTF-8" ?>
<!DOCTYPE mapper
  PUBLIC "-//mybatis.org//DTD Mapper 3.0//EN"
  "https://mybatis.org/dtd/mybatis-3-mapper.dtd">
<mapper namespace="bitcamp.myapp.dao.MemberDao">

  <resultMap type="member" id="memberMap">
    <id column="member_id" property="no"/>
    <result column="name" property="name"/>
    <result column="tel" property="tel"/>
    <result column="email" property="email"/>
    <result column="id" property="id"/>
    <result column="photo" property="photo"/>
    <result column="nickname" property="nickname"/>
    <result column="post_no" property="postNo"/>
    <result column="basic_address" property="basicAddress"/>
    <result column="detail_address" property="detailAddress"/>
    <result column="status_message" property="statusMessage"/>
    <result column="authority" property="authority"/>
    <result column="birth" property="birth"/>
    <result column="created_date" property="createdDate"/>
  </resultMap>

  <insert id="insert" parameterType="member" 
          useGeneratedKeys="true" keyProperty="no" keyColumn="member_id">
    insert into hms_member(name, tel, email, id, photo, password, nickname, post_no, basic_address, detail_address, status_message, authority, birth)
    values(#{name}, #{tel}, #{email}, #{id}, #{photo}, sha2(#{password},256), #{nickname}, #{postNo}, #{basicAddress}, #{detailAddress}, #{statusMessage}, #{authority}, #{birth})
  </insert>

  <select id="findAll" resultMap="memberMap">
    select 
      member_id, 
      name,
      tel,
      email,
      id,
      photo,
      nickname,
      post_no,
      basic_address,
      detail_address,
      birth,
      status_message,
      created_date, 
      authority
    from 
      hms_member
    order by 
      member_id desc
  </select>

  <select id="findByNo" parameterType="int" resultMap="memberMap">
    select 
      member_id,
      name,
      tel,
      email,
      id,
      photo,
      nickname,
      post_no,
      basic_address,
      detail_address,
      status_message,
      authority,
      birth,
      created_date 
    from 
      hms_member
    where 
      member_id=#{no}
  </select>
  
  <update id="update" parameterType="member">
    update hms_member set
      name=#{name},
      email=#{email},
      pwd=sha2(#{password},256),
      tel=#{tel}
    where member_id=#{no}
  </update>
  
  <delete id="delete" parameterType="int">
    delete from app_member
    where member_id=#{no}
  </delete>
</mapper>





